id,rate
1001,20.0
1003,16.0
1005,18.0
1007,24.0
1009,25.0
1011,48.0
1013,19.0
1015,17.0
1017,25.0
1019,26.0
1021,27.0
1023,44.0
1025,29.0
1027,20.0
1029,25.0
1031,18.0
1033,20.0
1035,36.0
1037,28.0
1039,20.0
1041,31.0
1043,23.0
1045,19.0
1047,25.0
1049,21.0
1051,19.0
1053,25.0
1055,17.0
1057,30.0
1059,25.0
1061,25.0
1063,31.0
1065,36.0
1067,20.0
1069,16.0
1071,30.0
1073,17.0
1075,27.0
1077,17.0
1079,26.0
1081,13.0
1083,19.0
1085,48.0
1087,29.0
1089,14.0
1091,26.0
1093,25.0
1095,26.0
1097,20.0
1099,32.0
1101,13.0
1103,19.0
1105,31.0
1107,31.0
1109,24.0
1111,33.0
1113,25.0
1115,25.0
1117,13.0
1119,29.0
1121,25.0
1123,21.0
1125,16.0
1127,35.0
1129,30.0
1131,47.0
1133,39.0
2013,0.0
2016,0.0
2020,7.0
2050,0.0
2060,0.0
2068,0.0
2070,0.0
2090,10.0
2100,0.0
2110,5.0
2122,15.0
2130,0.0
2150,0.0
2164,0.0
2170,12.0
2180,16.0
2185,0.0
2188,0.0
2201,0.0
2220,0.0
2232,0.0
2240,22.0
2261,0.0
2270,0.0
2280,0.0
2282,0.0
2290,0.0
4001,59.0
4003,16.0
4005,26.0
4007,27.0
4009,12.0
4011,35.0
4012,40.0
4013,10.0
4015,18.0
4017,36.0
4019,12.0
4021,15.0
4023,15.0
4025,16.0
4027,13.0
5001,23.0
5003,28.0
5005,19.0
5007,13.0
5009,22.0
5011,26.0
5013,27.0
5015,26.0
5017,23.0
5019,22.0
5021,30.0
5023,34.0
5025,33.0
5027,23.0
5029,28.0
5031,19.0
5033,14.0
5035,19.0
5037,32.0
5039,30.0
5041,29.0
5043,28.0
5045,14.0
5047,20.0
5049,30.0
5051,23.0
5053,30.0
5055,24.0
5057,30.0
5059,29.0
5061,35.0
5063,32.0
5065,22.0
5067,34.0
5069,19.0
5071,16.0
5073,49.0
5075,34.0
5077,31.0
5079,21.0
5081,23.0
5083,26.0
5085,23.0
5087,25.0
5089,30.0
5091,23.0
5093,25.0
5095,47.0
5097,26.0
5099,30.0
5101,17.0
5103,34.0
5105,27.0
5107,30.0
5109,19.0
5111,22.0
5113,32.0
5115,18.0
5117,31.0
5119,16.0
5121,25.0
5123,19.0
5125,14.0
5127,28.0
5129,35.0
5131,13.0
5133,21.0
5135,29.0
5137,22.0
5139,18.0
5141,31.0
5143,11.0
5145,23.0
5147,29.0
5149,31.0
6001,6.0
6003,0.0
6005,17.0
6007,15.0
6009,23.0
6011,17.0
6013,7.0
6015,28.0
6017,11.0
6019,14.0
6021,15.0
6023,18.0
6025,12.0
6027,13.0
6029,15.0
6031,15.0
6033,25.0
6035,15.0
6037,7.0
6039,20.0
6041,4.0
6043,20.0
6045,17.0
6047,15.0
6049,27.0
6051,0.0
6053,9.0
6055,10.0
6057,14.0
6059,6.0
6061,7.0
6063,12.0
6065,11.0
6067,9.0
6069,12.0
6071,12.0
6073,8.0
6075,4.0
6077,12.0
6079,10.0
6081,5.0
6083,8.0
6085,6.0
6087,8.0
6089,15.0
6091,0.0
6093,21.0
6095,10.0
6097,7.0
6099,13.0
6101,16.0
6103,17.0
6105,21.0
6107,15.0
6109,17.0
6111,8.0
6113,9.0
6115,14.0
8001,9.0
8003,25.0
8005,7.0
8007,19.0
8009,53.0
8011,0.0
8013,7.0
8014,5.0
8015,15.0
8017,77.0
8019,0.0
8021,26.0
8023,60.0
8025,27.0
8027,0.0
8029,24.0
8031,9.0
8033,0.0
8035,4.0
8037,10.0
8039,14.0
8041,10.0
8043,14.0
8045,19.0
8047,0.0
8049,0.0
8051,13.0
8053,0.0
8055,36.0
8057,0.0
8059,8.0
8061,0.0
8063,28.0
8065,23.0
8067,20.0
8069,8.0
8071,28.0
8073,34.0
8075,11.0
8077,15.0
8079,0.0
8081,14.0
8083,25.0
8085,13.0
8087,19.0
8089,24.0
8091,0.0
8093,19.0
8095,0.0
8097,0.0
8099,18.0
8101,14.0
8103,26.0
8105,19.0
8107,12.0
8109,0.0
8111,0.0
8113,0.0
8115,0.0
8117,6.0
8119,13.0
8121,36.0
8123,14.0
8125,19.0
9001,6.0
9003,8.0
9005,10.0
9007,8.0
9009,8.0
9011,9.0
9013,9.0
9015,12.0
10001,13.0
10003,10.0
10005,18.0
11001,7.0
12001,11.0
12003,25.0
12005,16.0
12007,22.0
12009,13.0
12011,11.0
12013,16.0
12015,13.0
12017,20.0
12019,14.0
12021,11.0
12023,29.0
12027,20.0
12029,47.0
12031,14.0
12033,16.0
12035,20.0
12037,21.0
12039,23.0
12041,33.0
12043,31.0
12045,23.0
12047,21.0
12049,27.0
12051,30.0
12053,18.0
12055,19.0
12057,13.0
12059,26.0
12061,16.0
12063,23.0
12065,35.0
12067,21.0
12069,18.0
12071,14.0
12073,10.0
12075,32.0
12077,22.0
12079,39.0
12081,12.0
12083,19.0
12085,13.0
12086,11.0
12087,19.0
12089,23.0
12091,14.0
12093,23.0
12095,11.0
12097,14.0
12099,12.0
12101,17.0
12103,13.0
12105,17.0
12107,29.0
12109,14.0
12111,13.0
12113,16.0
12115,11.0
12117,10.0
12119,15.0
12121,28.0
12123,23.0
12125,26.0
12127,18.0
12129,23.0
12131,25.0
12133,26.0
13001,30.0
13003,38.0
13005,37.0
13007,0.0
13009,11.0
13011,28.0
13013,20.0
13015,15.0
13017,15.0
13019,17.0
13021,17.0
13023,23.0
13025,37.0
13027,17.0
13029,20.0
13031,17.0
13033,30.0
13035,19.0
13037,0.0
13039,17.0
13043,22.0
13045,21.0
13047,10.0
13049,23.0
13051,13.0
13053,13.0
13055,29.0
13057,9.0
13059,9.0
13061,0.0
13063,10.0
13065,29.0
13067,9.0
13069,20.0
13071,22.0
13073,11.0
13075,17.0
13077,9.0
13079,18.0
13081,13.0
13083,16.0
13085,19.0
13087,29.0
13089,10.0
13091,17.0
13093,22.0
13095,11.0
13097,15.0
13099,35.0
13101,0.0
13103,20.0
13105,27.0
13107,25.0
13109,26.0
13111,22.0
13113,9.0
13115,16.0
13117,10.0
13119,27.0
13121,9.0
13123,21.0
13125,0.0
13127,15.0
13129,18.0
13131,19.0
13133,25.0
13135,9.0
13137,18.0
13139,13.0
13141,18.0
13143,29.0
13145,19.0
13147,20.0
13149,26.0
13151,15.0
13153,12.0
13155,16.0
13157,18.0
13159,23.0
13161,28.0
13163,25.0
13165,25.0
13167,19.0
13169,20.0
13171,13.0
13173,0.0
13175,19.0
13177,17.0
13179,15.0
13181,27.0
13183,15.0
13185,11.0
13187,23.0
13189,23.0
13191,20.0
13193,19.0
13195,30.0
13197,27.0
13199,25.0
13201,35.0
13205,22.0
13207,22.0
13209,22.0
13211,20.0
13213,21.0
13215,12.0
13217,19.0
13219,9.0
13221,21.0
13223,12.0
13225,20.0
13227,20.0
13229,28.0
13231,26.0
13233,18.0
13235,18.0
13237,21.0
13239,0.0
13241,20.0
13243,0.0
13245,16.0
13247,13.0
13249,38.0
13251,25.0
13253,34.0
13255,17.0
13257,25.0
13259,0.0
13261,12.0
13263,40.0
13265,0.0
13267,26.0
13269,20.0
13271,17.0
13273,15.0
13275,15.0
13277,23.0
13279,28.0
13281,0.0
13283,31.0
13285,20.0
13287,24.0
13289,30.0
13291,22.0
13293,20.0
13295,16.0
13297,14.0
13299,20.0
13301,0.0
13303,19.0
13305,25.0
13307,0.0
13309,21.0
13311,16.0
13313,15.0
13315,39.0
13317,17.0
13319,25.0
13321,14.0
15001,16.0
15003,6.0
15005,0.0
15007,12.0
15009,12.0
16001,8.0
16003,0.0
16005,10.0
16007,26.0
16009,29.0
16011,21.0
16013,14.0
16015,22.0
16017,15.0
16019,12.0
16021,22.0
16023,0.0
16025,0.0
16027,14.0
16029,21.0
16031,24.0
16033,0.0
16035,20.0
16037,0.0
16039,16.0
16041,18.0
16043,20.0
16045,14.0
16047,27.0
16049,35.0
16051,17.0
16053,15.0
16055,12.0
16057,15.0
16059,27.0
16061,0.0
16063,0.0
16065,6.0
16067,27.0
16069,24.0
16071,0.0
16073,21.0
16075,13.0
16077,19.0
16079,27.0
16081,0.0
16083,19.0
16085,20.0
16087,28.0
17001,10.0
17003,19.0
17005,19.0
17007,12.0
17009,0.0
17011,12.0
17013,0.0
17015,30.0
17017,20.0
17019,8.0
17021,22.0
17023,24.0
17025,25.0
17027,16.0
17029,15.0
17031,6.0
17033,18.0
17035,23.0
17037,11.0
17039,17.0
17041,11.0
17043,4.0
17045,18.0
17047,30.0
17049,18.0
17051,17.0
17053,19.0
17055,20.0
17057,15.0
17059,28.0
17061,25.0
17063,14.0
17065,0.0
17067,20.0
17069,0.0
17071,20.0
17073,15.0
17075,20.0
17077,13.0
17079,16.0
17081,19.0
17083,18.0
17085,20.0
17087,14.0
17089,6.0
17091,13.0
17093,7.0
17095,10.0
17097,5.0
17099,13.0
17101,19.0
17103,11.0
17105,18.0
17107,15.0
17109,10.0
17111,8.0
17113,7.0
17115,9.0
17117,14.0
17119,13.0
17121,15.0
17123,16.0
17125,19.0
17127,15.0
17129,17.0
17131,13.0
17133,13.0
17135,17.0
17137,16.0
17139,21.0
17141,18.0
17143,9.0
17145,19.0
17147,11.0
17149,14.0
17151,0.0
17153,23.0
17155,0.0
17157,29.0
17159,18.0
17161,7.0
17163,11.0
17165,14.0
17167,12.0
17169,19.0
17171,0.0
17173,22.0
17175,0.0
17177,11.0
17179,9.0
17181,16.0
17183,14.0
17185,22.0
17187,19.0
17189,18.0
17191,10.0
17193,18.0
17195,11.0
17197,7.0
17199,16.0
17201,11.0
17203,13.0
18001,14.0
18003,8.0
18005,14.0
18007,24.0
18009,16.0
18011,10.0
18013,9.0
18015,18.0
18017,14.0
18019,11.0
18021,22.0
18023,18.0
18025,36.0
18027,18.0
18029,14.0
18031,22.0
18033,13.0
18035,10.0
18037,13.0
18039,12.0
18041,9.0
18043,8.0
18045,28.0
18047,20.0
18049,23.0
18051,18.0
18053,11.0
18055,20.0
18057,5.0
18059,9.0
18061,21.0
18063,9.0
18065,13.0
18067,13.0
18069,10.0
18071,16.0
18073,24.0
18075,19.0
18077,13.0
18079,29.0
18081,10.0
18083,15.0
18085,13.0
18087,16.0
18089,10.0
18091,16.0
18093,22.0
18095,12.0
18097,10.0
18099,18.0
18101,15.0
18103,18.0
18105,8.0
18107,15.0
18109,11.0
18111,32.0
18113,16.0
18115,0.0
18117,14.0
18119,26.0
18121,21.0
18123,12.0
18125,26.0
18127,10.0
18129,12.0
18131,22.0
18133,11.0
18135,17.0
18137,14.0
18139,13.0
18141,8.0
18143,20.0
18145,19.0
18147,20.0
18149,31.0
18151,15.0
18153,27.0
18155,22.0
18157,8.0
18159,13.0
18161,31.0
18163,10.0
18165,19.0
18167,14.0
18169,18.0
18171,17.0
18173,11.0
18175,22.0
18177,11.0
18179,9.0
18181,23.0
18183,17.0
19001,24.0
19003,0.0
19005,18.0
19007,29.0
19009,26.0
19011,20.0
19013,9.0
19015,20.0
19017,9.0
19019,15.0
19021,13.0
19023,20.0
19025,23.0
19027,19.0
19029,19.0
19031,12.0
19033,11.0
19035,23.0
19037,11.0
19039,18.0
19041,17.0
19043,24.0
19045,13.0
19047,16.0
19049,8.0
19051,0.0
19053,17.0
19055,16.0
19057,15.0
19059,14.0
19061,9.0
19063,17.0
19065,18.0
19067,11.0
19069,20.0
19071,19.0
19073,23.0
19075,0.0
19077,0.0
19079,14.0
19081,15.0
19083,14.0
19085,22.0
19087,16.0
19089,15.0
19091,28.0
19093,20.0
19095,12.0
19097,15.0
19099,16.0
19101,14.0
19103,7.0
19105,17.0
19107,18.0
19109,18.0
19111,18.0
19113,8.0
19115,20.0
19117,19.0
19119,0.0
19121,11.0
19123,10.0
19125,9.0
19127,17.0
19129,20.0
19131,20.0
19133,28.0
19135,20.0
19137,21.0
19139,12.0
19141,13.0
19143,24.0
19145,18.0
19147,20.0
19149,19.0
19151,0.0
19153,8.0
19155,13.0
19157,13.0
19159,0.0
19161,26.0
19163,8.0
19165,22.0
19167,12.0
19169,8.0
19171,23.0
19173,0.0
19175,23.0
19177,32.0
19179,17.0
19181,11.0
19183,13.0
19185,25.0
19187,17.0
19189,0.0
19191,10.0
19193,11.0
19195,24.0
19197,18.0
20001,29.0
20003,25.0
20005,20.0
20007,44.0
20009,18.0
20011,20.0
20013,27.0
20015,17.0
20017,0.0
20019,0.0
20021,23.0
20023,0.0
20025,0.0
20027,17.0
20029,26.0
20031,23.0
20033,0.0
20035,18.0
20037,14.0
20039,0.0
20041,15.0
20043,0.0
20045,6.0
20047,0.0
20049,0.0
20051,21.0
20053,0.0
20055,21.0
20057,23.0
20059,18.0
20061,12.0
20063,53.0
20065,0.0
20067,24.0
20069,31.0
20071,0.0
20073,30.0
20075,0.0
20077,31.0
20079,14.0
20081,41.0
20083,0.0
20085,23.0
20087,25.0
20089,0.0
20091,6.0
20093,47.0
20095,25.0
20097,0.0
20099,25.0
20101,0.0
20103,12.0
20105,0.0
20107,27.0
20109,0.0
20111,14.0
20113,19.0
20115,28.0
20117,14.0
20119,0.0
20121,16.0
20123,29.0
20125,23.0
20127,29.0
20129,45.0
20131,22.0
20133,18.0
20135,0.0
20137,0.0
20139,35.0
20141,41.0
20143,0.0
20145,0.0
20147,31.0
20149,13.0
20151,16.0
20153,0.0
20155,19.0
20157,0.0
20159,26.0
20161,7.0
20163,36.0
20165,0.0
20167,25.0
20169,11.0
20171,29.0
20173,11.0
20175,27.0
20177,9.0
20179,0.0
20181,35.0
20183,0.0
20185,42.0
20187,0.0
20189,38.0
20191,21.0
20193,22.0
20195,0.0
20197,24.0
20199,0.0
20201,37.0
20203,0.0
20205,18.0
20207,61.0
20209,14.0
21001,23.0
21003,25.0
21005,14.0
21007,33.0
21009,26.0
21011,27.0
21013,20.0
21015,9.0
21017,24.0
21019,14.0
21021,17.0
21023,22.0
21025,44.0
21027,26.0
21029,13.0
21031,37.0
21033,22.0
21035,19.0
21037,9.0
21039,45.0
21041,36.0
21043,31.0
21045,24.0
21047,16.0
21049,17.0
21051,48.0
21053,41.0
21055,26.0
21057,50.0
21059,12.0
21061,14.0
21063,30.0
21065,39.0
21067,9.0
21069,44.0
21071,30.0
21073,11.0
21075,21.0
21077,39.0
21079,16.0
21081,24.0
21083,22.0
21085,23.0
21087,29.0
21089,16.0
21091,23.0
21093,14.0
21095,28.0
21097,27.0
21099,18.0
21101,13.0
21103,16.0
21105,38.0
21107,19.0
21109,41.0
21111,11.0
21113,13.0
21115,17.0
21117,8.0
21119,35.0
21121,28.0
21123,18.0
21125,23.0
21127,30.0
21129,26.0
21131,28.0
21133,30.0
21135,22.0
21137,30.0
21139,32.0
21141,27.0
21143,0.0
21145,19.0
21147,16.0
21149,25.0
21151,14.0
21153,31.0
21155,20.0
21157,24.0
21159,27.0
21161,20.0
21163,25.0
21165,25.0
21167,15.0
21169,30.0
21171,27.0
21173,20.0
21175,26.0
21177,18.0
21179,24.0
21181,24.0
21183,21.0
21185,10.0
21187,32.0
21189,33.0
21191,30.0
21193,37.0
21195,28.0
21197,33.0
21199,19.0
21201,0.0
21203,25.0
21205,16.0
21207,25.0
21209,14.0
21211,10.0
21213,19.0
21215,18.0
21217,20.0
21219,25.0
21221,25.0
21223,21.0
21225,28.0
21227,13.0
21229,37.0
21231,20.0
21233,30.0
21235,21.0
21237,27.0
21239,24.0
22001,24.0
22003,15.0
22005,20.0
22007,25.0
22009,24.0
22011,25.0
22013,28.0
22015,14.0
22017,18.0
22019,17.0
22021,35.0
22023,0.0
22025,36.0
22027,21.0
22029,31.0
22031,26.0
22033,14.0
22035,0.0
22037,25.0
22039,28.0
22041,28.0
22043,27.0
22045,22.0
22047,23.0
22049,25.0
22051,11.0
22053,26.0
22055,14.0
22057,24.0
22059,31.0
22061,15.0
22063,24.0
22065,26.0
22067,28.0
22069,27.0
22071,14.0
22073,16.0
22075,15.0
22077,34.0
22079,19.0
22081,41.0
22083,21.0
22085,39.0
22087,20.0
22089,13.0
22091,28.0
22093,31.0
22095,20.0
22097,25.0
22099,23.0
22101,19.0
22103,15.0
22105,26.0
22107,0.0
22109,23.0
22111,32.0
22113,16.0
22115,23.0
22117,28.0
22119,18.0
22121,20.0
22123,37.0
22125,13.0
22127,20.0
23001,10.0
23003,15.0
23005,7.0
23007,17.0
23009,14.0
23011,14.0
23013,13.0
23015,16.0
23017,16.0
23019,10.0
23021,10.0
23023,10.0
23025,17.0
23027,15.0
23029,22.0
23031,10.0
24001,12.0
24003,9.0
24005,9.0
24009,14.0
24011,28.0
24013,13.0
24015,16.0
24017,14.0
24019,14.0
24021,9.0
24023,18.0
24025,12.0
24027,6.0
24029,12.0
24031,5.0
24033,12.0
24035,15.0
24037,13.0
24039,9.0
24041,13.0
24043,12.0
24045,14.0
24047,16.0
24510,9.0
25001,8.0
25003,9.0
25005,8.0
25007,0.0
25009,5.0
25011,7.0
25013,7.0
25015,5.0
25017,4.0
25019,0.0
25021,5.0
25023,7.0
25025,4.0
25027,7.0
26001,14.0
26003,19.0
26005,14.0
26007,9.0
26009,16.0
26011,17.0
26013,0.0
26015,17.0
26017,11.0
26019,17.0
26021,15.0
26023,12.0
26025,11.0
26027,16.0
26029,8.0
26031,9.0
26033,13.0
26035,18.0
26037,8.0
26039,19.0
26041,13.0
26043,13.0
26045,11.0
26047,13.0
26049,11.0
26051,17.0
26053,11.0
26055,10.0
26057,12.0
26059,17.0
26061,11.0
26063,11.0
26065,8.0
26067,15.0
26069,12.0
26071,14.0
26073,8.0
26075,10.0
26077,10.0
26079,29.0
26081,9.0
26083,0.0
26085,15.0
26087,11.0
26089,11.0
26091,14.0
26093,10.0
26095,0.0
26097,14.0
26099,8.0
26101,15.0
26103,9.0
26105,15.0
26107,11.0
26109,12.0
26111,10.0
26113,16.0
26115,14.0
26117,16.0
26119,19.0
26121,11.0
26123,19.0
26125,6.0
26127,17.0
26129,14.0
26131,0.0
26133,12.0
26135,20.0
26137,12.0
26139,8.0
26141,11.0
26143,10.0
26145,10.0
26147,12.0
26149,18.0
26151,16.0
26153,0.0
26155,13.0
26157,17.0
26159,16.0
26161,7.0
26163,10.0
26165,18.0
27001,17.0
27003,7.0
27005,18.0
27007,14.0
27009,9.0
27011,0.0
27013,10.0
27015,13.0
27017,12.0
27019,7.0
27021,22.0
27023,17.0
27025,10.0
27027,6.0
27029,0.0
27031,0.0
27033,13.0
27035,10.0
27037,7.0
27039,16.0
27041,11.0
27043,17.0
27045,12.0
27047,12.0
27049,12.0
27051,0.0
27053,5.0
27055,15.0
27057,11.0
27059,12.0
27061,15.0
27063,18.0
27065,18.0
27067,12.0
27069,0.0
27071,11.0
27073,24.0
27075,20.0
27077,0.0
27079,12.0
27081,0.0
27083,18.0
27085,9.0
27087,26.0
27089,0.0
27091,16.0
27093,13.0
27095,22.0
27097,17.0
27099,10.0
27101,25.0
27103,10.0
27105,23.0
27107,21.0
27109,8.0
27111,14.0
27113,20.0
27115,19.0
27117,23.0
27119,20.0
27121,18.0
27123,6.0
27125,0.0
27127,21.0
27129,18.0
27131,8.0
27133,27.0
27135,14.0
27137,9.0
27139,8.0
27141,10.0
27143,13.0
27145,8.0
27147,11.0
27149,0.0
27151,26.0
27153,16.0
27155,0.0
27157,17.0
27159,12.0
27161,12.0
27163,6.0
27165,22.0
27167,0.0
27169,11.0
27171,12.0
27173,17.0
28001,22.0
28003,20.0
28005,26.0
28007,33.0
28009,38.0
28011,28.0
28013,33.0
28015,35.0
28017,27.0
28019,27.0
28021,43.0
28023,30.0
28025,17.0
28027,26.0
28029,39.0
28031,39.0
28033,16.0
28035,18.0
28037,30.0
28039,45.0
28041,29.0
28043,22.0
28045,20.0
28047,17.0
28049,18.0
28051,34.0
28053,41.0
28055,0.0
28057,33.0
28059,19.0
28061,40.0
28063,28.0
28065,52.0
28067,29.0
28069,14.0
28071,18.0
28073,19.0
28075,20.0
28077,45.0
28079,25.0
28081,24.0
28083,21.0
28085,28.0
28087,14.0
28089,12.0
28091,37.0
28093,38.0
28095,24.0
28097,46.0
28099,35.0
28101,28.0
28103,29.0
28105,13.0
28107,43.0
28109,34.0
28111,32.0
28113,28.0
28115,20.0
28117,31.0
28119,38.0
28121,18.0
28123,37.0
28125,43.0
28127,32.0
28129,34.0
28131,24.0
28133,23.0
28135,41.0
28137,30.0
28139,36.0
28141,34.0
28143,24.0
28145,27.0
28147,34.0
28149,21.0
28151,28.0
28153,32.0
28155,35.0
28157,38.0
28159,37.0
28161,48.0
28163,23.0
29001,12.0
29003,17.0
29005,0.0
29007,17.0
29009,27.0
29011,20.0
29013,18.0
29015,26.0
29017,24.0
29019,9.0
29021,13.0
29023,28.0
29025,34.0
29027,18.0
29029,22.0
29031,10.0
29033,23.0
29035,28.0
29037,11.0
29039,20.0
29041,26.0
29043,14.0
29045,36.0
29047,10.0
29049,21.0
29051,12.0
29053,12.0
29055,24.0
29057,35.0
29059,10.0
29061,24.0
29063,0.0
29065,35.0
29067,32.0
29069,23.0
29071,23.0
29073,30.0
29075,23.0
29077,12.0
29079,21.0
29081,19.0
29083,29.0
29085,25.0
29087,30.0
29089,15.0
29091,26.0
29093,27.0
29095,12.0
29097,18.0
29099,16.0
29101,14.0
29103,0.0
29105,21.0
29107,18.0
29109,19.0
29111,14.0
29113,20.0
29115,0.0
29117,15.0
29119,26.0
29121,24.0
29123,21.0
29125,27.0
29127,16.0
29129,0.0
29131,33.0
29133,22.0
29135,16.0
29137,29.0
29139,36.0
29141,22.0
29143,31.0
29145,22.0
29147,16.0
29149,32.0
29151,19.0
29153,19.0
29155,24.0
29157,13.0
29159,18.0
29161,20.0
29163,23.0
29165,10.0
29167,29.0
29169,17.0
29171,0.0
29173,21.0
29175,17.0
29177,20.0
29179,39.0
29181,37.0
29183,7.0
29185,33.0
29186,19.0
29187,23.0
29189,8.0
29195,15.0
29197,0.0
29199,32.0
29201,19.0
29203,39.0
29205,34.0
29207,22.0
29209,21.0
29211,34.0
29213,16.0
29215,29.0
29217,27.0
29219,19.0
29221,38.0
29223,35.0
29225,17.0
29227,0.0
29229,18.0
29510,11.0
30001,20.0
30003,66.0
30005,48.0
30007,28.0
30009,37.0
30011,0.0
30013,16.0
30015,0.0
30017,28.0
30019,0.0
30021,30.0
30023,20.0
30025,0.0
30027,30.0
30029,20.0
30031,14.0
30033,0.0
30035,48.0
30037,0.0
30039,0.0
30041,25.0
30043,32.0
30045,0.0
30047,27.0
30049,16.0
30051,0.0
30053,29.0
30055,0.0
30057,39.0
30059,0.0
30061,0.0
30063,15.0
30065,0.0
30067,18.0
30069,0.0
30071,34.0
30073,30.0
30075,0.0
30077,0.0
30079,0.0
30081,19.0
30083,55.0
30085,35.0
30087,51.0
30089,45.0
30091,0.0
30093,16.0
30095,30.0
30097,46.0
30099,0.0
30101,0.0
30103,0.0
30105,25.0
30107,0.0
30109,0.0
30111,14.0
31001,14.0
31003,28.0
31005,0.0
31007,0.0
31009,0.0
31011,31.0
31013,15.0
31015,0.0
31017,0.0
31019,14.0
31021,0.0
31023,0.0
31025,23.0
31027,16.0
31029,0.0
31031,0.0
31033,17.0
31035,33.0
31037,34.0
31039,0.0
31041,30.0
31043,12.0
31045,16.0
31047,18.0
31049,0.0
31051,0.0
31053,18.0
31055,7.0
31057,0.0
31059,0.0
31061,0.0
31063,0.0
31065,0.0
31067,22.0
31069,0.0
31071,0.0
31073,0.0
31075,0.0
31077,0.0
31079,11.0
31081,24.0
31083,0.0
31085,0.0
31087,0.0
31089,27.0
31091,0.0
31093,0.0
31095,30.0
31097,36.0
31099,0.0
31101,26.0
31103,0.0
31105,0.0
31107,31.0
31109,7.0
31111,14.0
31113,0.0
31115,0.0
31117,0.0
31119,18.0
31121,20.0
31123,34.0
31125,0.0
31127,0.0
31129,38.0
31131,25.0
31133,0.0
31135,0.0
31137,17.0
31139,0.0
31141,17.0
31143,27.0
31145,18.0
31147,0.0
31149,0.0
31151,13.0
31153,6.0
31155,15.0
31157,18.0
31159,16.0
31161,32.0
31163,0.0
31165,0.0
31167,0.0
31169,0.0
31171,0.0
31173,0.0
31175,0.0
31177,16.0
31179,0.0
31181,0.0
31183,0.0
31185,13.0
32001,21.0
32003,10.0
32005,12.0
32007,19.0
32009,0.0
32011,0.0
32013,28.0
32015,30.0
32017,33.0
32019,18.0
32021,48.0
32023,29.0
32027,0.0
32029,0.0
32031,9.0
32033,24.0
32510,10.0
33001,10.0
33003,16.0
33005,15.0
33007,14.0
33009,10.0
33011,7.0
33013,8.0
33015,9.0
33017,9.0
33019,14.0
34001,12.0
34003,4.0
34005,9.0
34007,8.0
34009,9.0
34011,15.0
34013,6.0
34015,10.0
34017,4.0
34019,5.0
34021,7.0
34023,6.0
34025,6.0
34027,5.0
34029,10.0
34031,6.0
34033,14.0
34035,5.0
34037,8.0
34039,6.0
34041,9.0
35001,12.0
35003,0.0
35005,19.0
35006,27.0
35007,18.0
35009,16.0
35011,0.0
35013,10.0
35015,23.0
35017,18.0
35019,0.0
35021,0.0
35023,0.0
35025,26.0
35027,19.0
35028,0.0
35029,19.0
35031,37.0
35033,0.0
35035,13.0
35037,37.0
35039,36.0
35041,18.0
35043,12.0
35045,25.0
35047,26.0
35049,12.0
35051,19.0
35053,25.0
35055,26.0
35057,31.0
35059,0.0
35061,20.0
36001,6.0
36003,10.0
36005,4.0
36007,7.0
36009,14.0
36011,13.0
36013,11.0
36015,9.0
36017,16.0
36019,14.0
36021,11.0
36023,9.0
36025,14.0
36027,8.0
36029,6.0
36031,11.0
36033,14.0
36035,11.0
36037,15.0
36039,15.0
36041,0.0
36043,11.0
36045,11.0
36047,4.0
36049,17.0
36051,11.0
36053,12.0
36055,6.0
36057,11.0
36059,7.0
36061,3.0
36063,10.0
36065,8.0
36067,8.0
36069,9.0
36071,9.0
36073,13.0
36075,13.0
36077,10.0
36079,9.0
36081,5.0
36083,8.0
36085,5.0
36087,6.0
36089,12.0
36091,8.0
36093,6.0
36095,10.0
36097,11.0
36099,13.0
36101,12.0
36103,10.0
36105,14.0
36107,11.0
36109,6.0
36111,10.0
36113,8.0
36115,12.0
36117,12.0
36119,5.0
36121,13.0
36123,11.0
37001,12.0
37003,18.0
37005,19.0
37007,27.0
37009,19.0
37011,9.0
37013,19.0
37015,28.0
37017,35.0
37019,22.0
37021,12.0
37023,15.0
37025,11.0
37027,15.0
37029,16.0
37031,15.0
37033,23.0
37035,16.0
37037,16.0
37039,19.0
37041,16.0
37043,28.0
37045,17.0
37047,36.0
37049,13.0
37051,17.0
37053,22.0
37055,11.0
37057,18.0
37059,18.0
37061,25.0
37063,9.0
37065,16.0
37067,11.0
37069,21.0
37071,13.0
37073,31.0
37075,0.0
37077,19.0
37079,18.0
37081,11.0
37083,21.0
37085,20.0
37087,16.0
37089,11.0
37091,20.0
37093,25.0
37095,0.0
37097,16.0
37099,9.0
37101,19.0
37103,23.0
37105,24.0
37107,19.0
37109,18.0
37111,18.0
37113,14.0
37115,15.0
37117,18.0
37119,8.0
37121,19.0
37123,21.0
37125,16.0
37127,18.0
37129,10.0
37131,31.0
37133,14.0
37135,9.0
37137,24.0
37139,11.0
37141,25.0
37143,17.0
37145,20.0
37147,15.0
37149,15.0
37151,17.0
37153,21.0
37155,34.0
37157,20.0
37159,18.0
37161,16.0
37163,30.0
37165,20.0
37167,17.0
37169,19.0
37171,17.0
37173,18.0
37175,14.0
37177,46.0
37179,12.0
37181,20.0
37183,8.0
37185,17.0
37187,14.0
37189,8.0
37191,17.0
37193,20.0
37195,18.0
37197,17.0
37199,10.0
38001,0.0
38003,15.0
38005,62.0
38007,0.0
38009,22.0
38011,0.0
38013,0.0
38015,10.0
38017,6.0
38019,0.0
38021,0.0
38023,0.0
38025,50.0
38027,0.0
38029,0.0
38031,0.0
38033,0.0
38035,10.0
38037,0.0
38039,0.0
38041,0.0
38043,0.0
38045,0.0
38047,0.0
38049,0.0
38051,0.0
38053,78.0
38055,25.0
38057,29.0
38059,18.0
38061,50.0
38063,0.0
38065,0.0
38067,0.0
38069,0.0
38071,0.0
38073,0.0
38075,0.0
38077,20.0
38079,48.0
38081,0.0
38083,0.0
38085,68.0
38087,0.0
38089,14.0
38091,0.0
38093,12.0
38095,0.0
38097,0.0
38099,17.0
38101,16.0
38103,37.0
38105,28.0
39001,23.0
39003,10.0
39005,15.0
39007,15.0
39009,11.0
39011,14.0
39013,13.0
39015,17.0
39017,9.0
39019,13.0
39021,21.0
39023,13.0
39025,10.0
39027,16.0
39029,13.0
39031,17.0
39033,17.0
39035,6.0
39037,19.0
39039,12.0
39041,6.0
39043,10.0
39045,11.0
39047,13.0
39049,8.0
39051,22.0
39053,12.0
39055,9.0
39057,7.0
39059,10.0
39061,7.0
39063,10.0
39065,23.0
39067,19.0
39069,21.0
39071,19.0
39073,17.0
39075,10.0
39077,16.0
39079,15.0
39081,12.0
39083,16.0
39085,7.0
39087,15.0
39089,11.0
39091,22.0
39093,8.0
39095,10.0
39097,17.0
39099,10.0
39101,13.0
39103,9.0
39105,16.0
39107,16.0
39109,10.0
39111,11.0
39113,10.0
39115,23.0
39117,19.0
39119,11.0
39121,21.0
39123,12.0
39125,28.0
39127,15.0
39129,17.0
39131,24.0
39133,10.0
39135,22.0
39137,13.0
39139,10.0
39141,19.0
39143,11.0
39145,16.0
39147,16.0
39149,13.0
39151,9.0
39153,7.0
39155,13.0
39157,11.0
39159,10.0
39161,13.0
39163,26.0
39165,7.0
39167,12.0
39169,13.0
39171,17.0
39173,12.0
39175,21.0
40001,27.0
40003,40.0
40005,31.0
40007,36.0
40009,34.0
40011,29.0
40013,20.0
40015,41.0
40017,15.0
40019,26.0
40021,19.0
40023,32.0
40025,0.0
40027,9.0
40029,27.0
40031,15.0
40033,28.0
40035,27.0
40037,24.0
40039,22.0
40041,27.0
40043,84.0
40045,0.0
40047,19.0
40049,35.0
40051,26.0
40053,53.0
40055,0.0
40057,0.0
40059,47.0
40061,34.0
40063,39.0
40065,16.0
40067,51.0
40069,22.0
40071,24.0
40073,23.0
40075,38.0
40077,26.0
40079,27.0
40081,29.0
40083,17.0
40085,30.0
40087,17.0
40089,32.0
40091,26.0
40093,30.0
40095,25.0
40097,26.0
40099,37.0
40101,18.0
40103,21.0
40105,19.0
40107,22.0
40109,13.0
40111,28.0
40113,23.0
40115,25.0
40117,38.0
40119,18.0
40121,26.0
40123,26.0
40125,23.0
40127,42.0
40129,43.0
40131,17.0
40133,30.0
40135,17.0
40137,22.0
40139,26.0
40141,25.0
40143,13.0
40145,15.0
40147,15.0
40149,32.0
40151,21.0
40153,34.0
41001,12.0
41003,7.0
41005,8.0
41007,10.0
41009,16.0
41011,15.0
41013,12.0
41015,22.0
41017,10.0
41019,15.0
41021,0.0
41023,0.0
41025,27.0
41027,11.0
41029,11.0
41031,32.0
41033,21.0
41035,14.0
41037,29.0
41039,10.0
41041,13.0
41043,11.0
41045,16.0
41047,9.0
41049,15.0
41051,6.0
41053,13.0
41055,0.0
41057,14.0
41059,15.0
41061,11.0
41063,0.0
41065,13.0
41067,5.0
41069,0.0
41071,9.0
42001,14.0
42003,7.0
42005,15.0
42007,12.0
42009,24.0
42011,11.0
42013,13.0
42015,19.0
42017,9.0
42019,12.0
42021,14.0
42023,31.0
42025,16.0
42027,9.0
42029,8.0
42031,24.0
42033,19.0
42035,18.0
42037,16.0
42039,19.0
42041,9.0
42043,10.0
42045,6.0
42047,23.0
42049,11.0
42051,20.0
42053,34.0
42055,15.0
42057,25.0
42059,24.0
42061,22.0
42063,17.0
42065,15.0
42067,24.0
42069,11.0
42071,12.0
42073,13.0
42075,14.0
42077,10.0
42079,13.0
42081,14.0
42083,18.0
42085,16.0
42087,18.0
42089,17.0
42091,6.0
42093,13.0
42095,9.0
42097,17.0
42099,25.0
42101,8.0
42103,13.0
42105,22.0
42107,19.0
42109,15.0
42111,19.0
42113,0.0
42115,23.0
42117,21.0
42119,11.0
42121,20.0
42123,21.0
42125,12.0
42127,16.0
42129,13.0
42131,21.0
42133,12.0
44001,6.0
44003,9.0
44005,7.0
44007,6.0
44009,10.0
45001,17.0
45003,19.0
45005,22.0
45007,21.0
45009,35.0
45011,37.0
45013,13.0
45015,19.0
45017,28.0
45019,15.0
45021,17.0
45023,31.0
45025,31.0
45027,28.0
45029,35.0
45031,27.0
45033,24.0
45035,15.0
45037,16.0
45039,31.0
45041,21.0
45043,26.0
45045,15.0
45047,16.0
45049,25.0
45051,19.0
45053,33.0
45055,27.0
45057,21.0
45059,22.0
45061,28.0
45063,19.0
45065,17.0
45067,33.0
45069,20.0
45071,19.0
45073,17.0
45075,32.0
45077,19.0
45079,13.0
45081,27.0
45083,16.0
45085,18.0
45087,14.0
45089,33.0
45091,15.0
46003,0.0
46005,12.0
46007,0.0
46009,20.0
46011,8.0
46013,11.0
46015,0.0
46017,0.0
46019,21.0
46021,0.0
46023,17.0
46025,0.0
46027,0.0
46029,10.0
46031,67.0
46033,21.0
46035,8.0
46037,0.0
46039,0.0
46041,58.0
46043,0.0
46045,0.0
46047,0.0
46049,0.0
46051,0.0
46053,40.0
46055,0.0
46057,0.0
46059,0.0
46061,0.0
46063,0.0
46065,13.0
46067,0.0
46069,0.0
46071,65.0
46073,0.0
46075,0.0
46077,33.0
46079,0.0
46081,11.0
46083,8.0
46085,61.0
46087,0.0
46089,0.0
46091,0.0
46093,16.0
46095,70.0
46097,0.0
46099,10.0
46101,0.0
46103,11.0
46105,0.0
46107,0.0
46109,32.0
46111,0.0
46113,64.0
46115,0.0
46117,0.0
46119,0.0
46121,66.0
46123,0.0
46125,17.0
46127,11.0
46129,0.0
46135,13.0
46137,0.0
47001,19.0
47003,23.0
47005,36.0
47007,23.0
47009,13.0
47011,16.0
47013,27.0
47015,34.0
47017,30.0
47019,16.0
47021,27.0
47023,20.0
47025,29.0
47027,36.0
47029,29.0
47031,20.0
47033,17.0
47035,21.0
47037,11.0
47039,32.0
47041,28.0
47043,29.0
47045,18.0
47047,16.0
47049,26.0
47051,25.0
47053,25.0
47055,29.0
47057,32.0
47059,21.0
47061,59.0
47063,16.0
47065,13.0
47067,32.0
47069,21.0
47071,26.0
47073,22.0
47075,21.0
47077,20.0
47079,27.0
47081,23.0
47083,22.0
47085,28.0
47087,16.0
47089,17.0
47091,22.0
47093,13.0
47095,20.0
47097,29.0
47099,23.0
47101,17.0
47103,26.0
47105,18.0
47107,20.0
47109,36.0
47111,28.0
47113,15.0
47115,28.0
47117,22.0
47119,15.0
47121,42.0
47123,26.0
47125,13.0
47127,25.0
47129,26.0
47131,25.0
47133,21.0
47135,46.0
47137,0.0
47139,28.0
47141,16.0
47143,23.0
47145,21.0
47147,23.0
47149,10.0
47151,27.0
47153,27.0
47155,17.0
47157,13.0
47159,21.0
47161,29.0
47163,14.0
47165,15.0
47167,18.0
47169,44.0
47171,15.0
47173,25.0
47175,31.0
47177,31.0
47179,12.0
47181,22.0
47183,18.0
47185,23.0
47187,6.0
47189,15.0
48001,27.0
48003,41.0
48005,22.0
48007,19.0
48009,21.0
48011,0.0
48013,21.0
48015,27.0
48017,30.0
48019,30.0
48021,24.0
48023,58.0
48025,18.0
48027,15.0
48029,11.0
48031,29.0
48033,0.0
48035,25.0
48037,19.0
48039,15.0
48041,10.0
48043,0.0
48045,0.0
48047,26.0
48049,14.0
48051,29.0
48053,27.0
48055,22.0
48057,31.0
48059,24.0
48061,9.0
48063,39.0
48065,39.0
48067,30.0
48069,31.0
48071,27.0
48073,31.0
48075,22.0
48077,20.0
48079,0.0
48081,0.0
48083,34.0
48085,7.0
48087,0.0
48089,21.0
48091,15.0
48093,30.0
48095,0.0
48097,19.0
48099,13.0
48101,0.0
48103,0.0
48105,0.0
48107,0.0
48109,0.0
48111,23.0
48113,10.0
48115,16.0
48117,20.0
48119,30.0
48121,7.0
48123,16.0
48125,0.0
48127,32.0
48129,0.0
48131,22.0
48133,31.0
48135,29.0
48137,0.0
48139,13.0
48141,12.0
48143,18.0
48145,23.0
48147,30.0
48149,31.0
48151,0.0
48153,27.0
48155,0.0
48157,8.0
48159,17.0
48161,28.0
48163,16.0
48165,34.0
48167,14.0
48169,0.0
48171,16.0
48173,0.0
48175,0.0
48177,29.0
48179,29.0
48181,21.0
48183,22.0
48185,31.0
48187,12.0
48189,18.0
48191,0.0
48193,32.0
48195,28.0
48197,0.0
48199,27.0
48201,11.0
48203,29.0
48205,0.0
48207,0.0
48209,14.0
48211,48.0
48213,26.0
48215,11.0
48217,29.0
48219,19.0
48221,22.0
48223,24.0
48225,33.0
48227,19.0
48229,0.0
48231,20.0
48233,29.0
48235,0.0
48237,27.0
48239,30.0
48241,23.0
48243,0.0
48245,17.0
48247,0.0
48249,26.0
48251,19.0
48253,22.0
48255,28.0
48257,19.0
48259,17.0
48261,0.0
48263,0.0
48265,22.0
48267,0.0
48269,0.0
48271,0.0
48273,12.0
48275,0.0
48277,22.0
48279,32.0
48281,25.0
48283,29.0
48285,21.0
48287,34.0
48289,39.0
48291,30.0
48293,33.0
48295,52.0
48297,30.0
48299,15.0
48301,0.0
48303,15.0
48305,34.0
48307,0.0
48309,17.0
48311,0.0
48313,27.0
48315,34.0
48317,0.0
48319,0.0
48321,25.0
48323,15.0
48325,16.0
48327,0.0
48329,21.0
48331,22.0
48333,0.0
48335,24.0
48337,30.0
48339,15.0
48341,26.0
48343,33.0
48345,0.0
48347,23.0
48349,17.0
48351,32.0
48353,22.0
48355,12.0
48357,32.0
48359,0.0
48361,30.0
48363,27.0
48365,44.0
48367,18.0
48369,18.0
48371,18.0
48373,35.0
48375,20.0
48377,0.0
48379,25.0
48381,14.0
48383,0.0
48385,47.0
48387,39.0
48389,20.0
48391,27.0
48393,0.0
48395,41.0
48397,9.0
48399,21.0
48401,31.0
48403,47.0
48405,51.0
48407,31.0
48409,16.0
48411,33.0
48413,0.0
48415,20.0
48417,0.0
48419,51.0
48421,0.0
48423,18.0
48425,24.0
48427,16.0
48429,23.0
48431,0.0
48433,0.0
48435,0.0
48437,0.0
48439,10.0
48441,15.0
48443,0.0
48445,19.0
48447,0.0
48449,23.0
48451,14.0
48453,10.0
48455,34.0
48457,35.0
48459,28.0
48461,0.0
48463,19.0
48465,13.0
48467,31.0
48469,14.0
48471,15.0
48473,21.0
48475,27.0
48477,20.0
48479,10.0
48481,25.0
48483,32.0
48485,15.0
48487,13.0
48489,21.0
48491,8.0
48493,20.0
48495,46.0
48497,27.0
48499,33.0
48501,40.0
48503,21.0
48505,17.0
48507,18.0
49001,0.0
49003,13.0
49005,7.0
49007,19.0
49009,0.0
49011,6.0
49013,32.0
49015,21.0
49017,31.0
49019,23.0
49021,11.0
49023,14.0
49025,32.0
49027,25.0
49029,0.0
49031,0.0
49033,0.0
49035,7.0
49037,47.0
49039,16.0
49041,10.0
49043,9.0
49045,14.0
49047,20.0
49049,7.0
49051,16.0
49053,11.0
49055,0.0
49057,11.0
50001,12.0
50003,15.0
50005,14.0
50007,4.0
50009,0.0
50011,15.0
50013,0.0
50015,12.0
50017,14.0
50019,22.0
50021,13.0
50023,9.0
50025,14.0
50027,12.0
51001,29.0
51003,9.0
51005,21.0
51007,32.0
51009,13.0
51011,30.0
51013,3.0
51015,15.0
51017,30.0
51019,14.0
51021,38.0
51023,13.0
51025,23.0
51027,36.0
51029,20.0
51031,15.0
51033,19.0
51035,24.0
51036,28.0
51037,27.0
51041,9.0
51043,11.0
51045,33.0
51047,14.0
51049,19.0
51051,19.0
51053,20.0
51057,22.0
51059,4.0
51061,16.0
51063,22.0
51065,17.0
51067,17.0
51069,13.0
51071,16.0
51073,19.0
51075,18.0
51077,12.0
51079,19.0
51081,22.0
51083,25.0
51085,11.0
51087,8.0
51089,20.0
51091,0.0
51093,15.0
51095,8.0
51097,0.0
51099,17.0
51101,15.0
51103,21.0
51105,23.0
51107,5.0
51109,23.0
51111,40.0
51113,20.0
51115,24.0
51117,20.0
51119,22.0
51121,9.0
51125,24.0
51127,15.0
51131,22.0
51133,23.0
51135,15.0
51137,21.0
51139,17.0
51141,27.0
51143,24.0
51145,15.0
51147,14.0
51149,13.0
51153,7.0
51155,14.0
51157,0.0
51159,28.0
51161,8.0
51163,20.0
51165,18.0
51167,20.0
51169,20.0
51171,13.0
51173,17.0
51175,24.0
51177,12.0
51179,9.0
51181,0.0
51183,28.0
51185,22.0
51187,11.0
51191,12.0
51193,21.0
51195,12.0
51197,17.0
51199,6.0
51510,5.0
51515,33.0
51520,11.0
51530,0.0
51540,7.0
51550,8.0
51570,13.0
51580,24.0
51590,12.0
51595,0.0
51600,8.0
51610,13.0
51620,0.0
51630,7.0
51640,0.0
51650,8.0
51660,4.0
51670,11.0
51678,0.0
51680,9.0
51683,6.0
51685,0.0
51690,13.0
51700,8.0
51710,6.0
51720,0.0
51730,14.0
51735,0.0
51740,8.0
51750,0.0
51760,9.0
51770,9.0
51775,10.0
51790,11.0
51800,13.0
51810,7.0
51820,10.0
51830,0.0
51840,10.0
53001,14.0
53003,13.0
53005,7.0
53007,10.0
53009,12.0
53011,8.0
53013,0.0
53015,10.0
53017,9.0
53019,25.0
53021,9.0
53023,0.0
53025,18.0
53027,16.0
53029,8.0
53031,13.0
53033,5.0
53035,7.0
53037,9.0
53039,23.0
53041,13.0
53043,18.0
53045,12.0
53047,18.0
53049,14.0
53051,20.0
53053,8.0
53055,0.0
53057,8.0
53059,0.0
53061,7.0
53063,8.0
53065,17.0
53067,9.0
53069,0.0
53071,10.0
53073,8.0
53075,7.0
53077,14.0
54001,26.0
54003,15.0
54005,30.0
54007,25.0
54009,11.0
54011,13.0
54013,0.0
54015,23.0
54017,25.0
54019,26.0
54021,22.0
54023,24.0
54025,28.0
54027,23.0
54029,12.0
54031,30.0
54033,21.0
54035,26.0
54037,18.0
54039,15.0
54041,25.0
54043,34.0
54045,31.0
54047,33.0
54049,14.0
54051,13.0
54053,27.0
54055,18.0
54057,16.0
54059,35.0
54061,10.0
54063,20.0
54065,19.0
54067,20.0
54069,7.0
54071,32.0
54073,0.0
54075,0.0
54077,15.0
54079,15.0
54081,17.0
54083,17.0
54085,22.0
54087,21.0
54089,23.0
54091,18.0
54093,24.0
54095,19.0
54097,18.0
54099,22.0
54101,23.0
54103,21.0
54105,0.0
54107,10.0
54109,35.0
55001,18.0
55003,10.0
55005,14.0
55007,15.0
55009,8.0
55011,15.0
55013,17.0
55015,9.0
55017,11.0
55019,20.0
55021,17.0
55023,29.0
55025,8.0
55027,12.0
55029,8.0
55031,12.0
55033,14.0
55035,9.0
55037,0.0
55039,12.0
55041,37.0
55043,14.0
55045,16.0
55047,13.0
55049,19.0
55051,0.0
55053,16.0
55055,13.0
55057,19.0
55059,10.0
55061,15.0
55063,8.0
55065,23.0
55067,22.0
55069,16.0
55071,14.0
55073,12.0
55075,19.0
55077,18.0
55078,37.0
55079,7.0
55081,13.0
55083,19.0
55085,11.0
55087,8.0
55089,7.0
55091,0.0
55093,16.0
55095,22.0
55097,11.0
55099,18.0
55101,8.0
55103,15.0
55105,12.0
55107,12.0
55109,11.0
55111,14.0
55113,22.0
55115,21.0
55117,9.0
55119,12.0
55121,18.0
55123,20.0
55125,17.0
55127,13.0
55129,25.0
55131,10.0
55133,7.0
55135,18.0
55137,25.0
55139,8.0
55141,11.0
56001,11.0
56003,32.0
56005,20.0
56007,26.0
56009,18.0
56011,27.0
56013,39.0
56015,17.0
56017,0.0
56019,20.0
56021,13.0
56023,24.0
56025,20.0
56027,0.0
56029,22.0
56031,20.0
56033,14.0
56035,19.0
56037,23.0
56039,0.0
56041,16.0
56043,24.0
56045,20.0
